{"desc": "veracity/", "dataset": "veracity", "log_dir": "log/", "save_dir": "save/", "data_dir": "./data", "submission_dir": "submission/", "submit": true, "analysis": true, "seed": 42, "n_iter": 3, "n_batch": 8, "max_grad_norm": 1, "lr": 6.25e-05, "lr_warmup": 0.002, "n_ctx": 512, "n_embd": 768, "n_head": 12, "n_layer": 12, "embd_pdrop": 0.1, "attn_pdrop": 0.1, "resid_pdrop": 0.1, "clf_pdrop": 0.1, "l2": 0.01, "vector_l2": true, "opt": "adam", "afn": "gelu", "lr_schedule": "warmup_linear", "encoder_path": "model/encoder_bpe_40000.json", "bpe_path": "model/vocab_40000.bpe", "n_transfer": 12, "lm_coef": 0.5, "b1": 0.9, "b2": 0.999, "e": 1e-08, "n_valid": 374, "test_path": "./data/RumorsAndNonRumors-TestingData.txt", "pred_path": "./submission/veracity_states.tsv", "out_path": "./results/predicted_results.txt", "topic": null, "time": 1588708388.6733797}
{"n_epochs": 1, "n_updates": 272, "tr_cost": 5.830305626729804, "va_cost": 17.78900452748785, "tr_acc": 94.85294117647058, "va_acc": 87.68382352941177, "time": 1588712271.5739355}
{"n_epochs": 2, "n_updates": 544, "tr_cost": 1.4626563829817618, "va_cost": 16.875633836496423, "tr_acc": 98.16176470588235, "va_acc": 89.70588235294117, "time": 1588715362.0354807}
{"n_epochs": 3, "n_updates": 816, "tr_cost": 1.2455116453998247, "va_cost": 23.309779087629387, "tr_acc": 99.26470588235294, "va_acc": 91.54411764705883, "time": 1588718275.5341153}
